public_id,resource_type,type,
produits/vxuz932hfu3pn7e8bdy3,image,upload,
produits/rdh8iyk8wuqngjmljwaw,image,upload,
produits/fuvzoce4shyxgdwbldny,image,upload,
produits/b04omtzsgqstsc2pq2zq,image,upload,
produits/t8vijx6b4telx6ylkk06,image,upload,
produits/uuix0e4lmxywmtom7rms,image,upload,
produits/qsewopwe0pzqstoas5kd,image,upload,
produits/xoxzkr4idz6fp0lschtn,image,upload,
produits/tt5izjip63lgef0oui0x,image,upload,
produits/chy7aeftg8ffxibkibpg,image,upload,
produits/dkhwqacuhvdsnn3yakox,image,upload,
produits/ccga7vie1x2zapfbhzxz,image,upload,
produits/on-model,image,upload,
produits/ipvnzjfqx3hgzp7ltost,image,upload,
produits/sa1nleinkea0nxiarn1g,image,upload,
produits/t7xya6g6moxpvwdsbjqu,image,upload,
produits/f0rts51tsxsae1koqtgr,image,upload,
produits/wuyxctsz4ou3gs0aszoo,image,upload,
produits/gugadefvftnjmevyh9ct,image,upload,
produits/ss06qc6frsurhfbe32pa,image,upload,
produits/trsoxdfcpzlig0h5f1hq,image,upload,
produits/tqxdutarvqozm2etnhu6,image,upload,
produits/b7qbsclaiwcyuxrhw4tn,image,upload,
produits/lvdrv25zpvchc07jiizb,image,upload,
produits/erwlvxzqvtxhvwj0knah,image,upload,
produits/qvvzi7iolspepwhcnc0y,image,upload,
produits/k9vhbfst5fcga4jze9rg,image,upload,
produits/ftqvosixjazijnx7jf3j,image,upload,
produits/vkpbxi76fnf19tcs2s5x,image,upload,
produits/cqldg3r2alsxkxe1f3or,image,upload,
produits/o8mlq4oc6ngjopwhqyr9,image,upload,
produits/lfqmqn1hv8dylybsucl6,image,upload,
produits/yqzwk9t0imvvweidnmyt,image,upload,
produits/z5aauabyir5qdpbzydpu,image,upload,
produits/urj4fmc4fqvksoyqd3i5,image,upload,
produits/ibbcw2cmz7rhrtv2xkpz,image,upload,
produits/jutby3zvglemnyipkkkl,image,upload,
produits/degicaj7gh8sgz3pjdvc,image,upload,
produits/vpeqmplgd9wbwnsawdsv,image,upload,
produits/ympgv8jmremfdj2sgybo,image,upload,
produits/atp7qcc3acq31tbfue7s,image,upload,
produits/yh2ysnasshudsvazybph,image,upload,
produits/rzzopmveklm6wmh91ins,image,upload,
produits/kauaucrv5to7rt0c5e17,image,upload,
produits/qxld8gdjsmojh55b1gsp,image,upload,
produits/pslwcjz5qda1tlmretqx,image,upload,
produits/cs8os9xomkkgzxtnxlpo,image,upload,
produits/joub5hgvn19xdss8c8jz,image,upload,
produits/ayore99zfacye5ciwce9,image,upload,
produits/xr51wp0x19wrzpapgkci,image,upload,
produits/eottny0p7kpd2z9f0c1u,image,upload,
produits/mlxsyfvbpehb2hsj0tdp,image,upload,
produits/at1pkyhmeo1hvznvghfc,image,upload,
produits/xmcy4nxdfhvim6hotfke,image,upload,
produits/o5szy4fdpqlqtqa0rxhm,image,upload,
produits/fy6ts4ilkbpzdlpzy06q,image,upload,
produits/hpzcff6ruaafai56yy1z,image,upload,
produits/qanyhsqimawiuihgofvj,image,upload,
produits/x3jth6z6uytuacmzcvwt,image,upload,
produits/utskdqhx2ezz2xonhc7i,image,upload,
produits/vgpjf9i22uoesq8fuhjd,image,upload,
produits/bhic9dw6eaiu9qrm3mlf,image,upload,
produits/sogmlgyg5oybec1f6xqw,image,upload,
produits/qzznxkzfiexyqtzal96s,image,upload,
produits/tw7gggpsjlfsseraoejt,image,upload,
produits/wqxbpqas1pecrfqphhjz,image,upload,
produits/qcjlu7k4sweldjylejha,image,upload,
produits/rvle4o7slnb1vupfvtbe,image,upload,
produits/wilxevvoglkcxijfio12,image,upload,
produits/j35ny9etbsk3b0gjkgjz,image,upload,
produits/wbpnucoeoynqe9a5rryl,image,upload,
produits/fzub8sh34ucluypz5kxb,image,upload,
produits/tzq8ly9rhl8ow0pj1azb,image,upload,
produits/rhugrezv6pdrgr6jjmq8,image,upload,
produits/eflfyefzmgh1sc5b3zlb,image,upload,
produits/dfz5jx9vb68oqrb9ckv0,image,upload,
produits/ljleloqpvjngclwdk0jk,image,upload,
produits/ks7ggyoyglipelacyhzt,image,upload,
produits/q2cwb9weqp7i3tmsparp,image,upload,
produits/noi2o7c3mbk5aqkynrsf,image,upload,
produits/ykzfuiywarwd98bdphwp,image,upload,
produits/z4bbzimzuovrdasjhehl,image,upload,
produits/upe6uy5xexme0y2lu1d6,image,upload,
produits/f1wpz20dcnj7hlbawnfb,image,upload,
produits/biljdj03dekjce9lqi2i,image,upload,
produits/xogi8c3gww8v3maujv10,image,upload,
produits/jln5lucd0uoareu2up4g,image,upload,
produits/efsobuxucbxgnsqccumw,image,upload,
produits/lqunclhryxbyejjexium,image,upload,
produits/e3rlvws9iof60v40dvfb,image,upload,
produits/zz17vjnww2eiuj4nl7se,image,upload,
produits/hvuv1ftw1pafkltycaqo,image,upload,
produits/yztnqpwxfi1ttql6vkho,image,upload,
produits/hk5kfslq908kx2pr8uzp,image,upload,
produits/htk4vq4jame7o2jxvcjq,image,upload,
produits/p3sn8jhlw3ysk0vpmfg8,image,upload,
produits/gu0wwtkypn4jdssxeu1q,image,upload,
produits/dkbppfjrwtwwibr0vtg6,image,upload,
produits/dl161pzpevpypx8leydb,image,upload,
produits/pbh28ep4zgqyepn04hbf,image,upload,
produits/nwe1znizofzqxqsanifw,image,upload,
produits/imkvt9pepl1oy6jx9pk6,image,upload,
produits/wd6k960cjxi9d4x9r1hn,image,upload,
produits/txexqtgd5wemx6rnc0bq,image,upload,
produits/lcqacbtgmfjzou95k1jl,image,upload,
produits/vdcaajkqisx7obgh641j,image,upload,
produits/cjuyq0toteodijyjgv02,image,upload,
produits/xbhyecyedapkqutihw98,image,upload,
produits/etvd97br3fpgjedwxuvk,image,upload,
produits/nmnjw4a8rco0po6oeeic,image,upload,
produits/rbp7qvlcmlyke4iliwtc,image,upload,
produits/tawz7pggfwhfarrcto3j,image,upload,
produits/fhpukj228dlwocilxbgt,image,upload,
produits/ztum0v94yxhu2x8jn0et,image,upload,
produits/uggcwp3zz94p4yfsyls1,image,upload,
produits/nhl5zyzemjy4uzqea4iq,image,upload,
produits/lgdci8zlqsiaaf6shj8s,image,upload,
produits/pyietg5x5x79t4veazss,image,upload,
produits/btbsztqo7p4o8ravig72,image,upload,
produits/t6vkochp1ukcczbsdlzc,image,upload,
produits/yaylxulflj055385aktb,image,upload,
produits/qsao7qppplzp06iiuk8t,image,upload,
produits/hl6lb4dgivoasfdolslb,image,upload,
produits/chdccfexqusw9diyyrsf,image,upload,
produits/srgvu7u631mlpmsi6qtf,image,upload,
produits/ufwcb74iov5fq7mwvpkv,image,upload,
produits/ikly7n48cnh0qwss3ygv,image,upload,
produits/ci44wcsi5lacdsq5csi8,image,upload,
produits/wdeygvpvioise2mhvqpk,image,upload,
produits/ohqkjlntcribcu2dndgp,image,upload,
produits/xvdbirnobl71hyjl5htl,image,upload,
produits/mvsu4op3krxoebp0kbzk,image,upload,
produits/mhbpbiokpf9ldbsawedi,image,upload,
produits/ttydoochzi6h2l12awhg,image,upload,
produits/utdqnntnix9tmozbb31b,image,upload,
produits/qzlwiuqh3trbtascdvsf,image,upload,
produits/u0dkybobhuamghq0ewwm,image,upload,
produits/rvxnxi6usz3cjmcitc7r,image,upload,
produits/t4h0tuqukzseariobu3r,image,upload,
produits/wkqhitlrwdfa24r2wnpl,image,upload,
produits/vobot1w7ch1n1tmpy4r4,image,upload,
produits/aonfguif30z4jamiqg8f,image,upload,
produits/nl9i405lol8qu4du666k,image,upload,
produits/ggrmm5cvwx8dngmhad89,image,upload,
produits/bkuckl9hdxjk3gru4ppy,image,upload,
produits/y3tyukwsk05xbfsjwtua,image,upload,
produits/hb9r4ziawqf63vzx6ubc,image,upload,
produits/v7fdxl3lq4vrplguwixj,image,upload,
produits/nlndollozozdlqxwpxab,image,upload,
produits/cwrpm7b8pnleacnq5eyv,image,upload,
produits/nkg6qfmanpaz1bfngrha,image,upload,
produits/emdsrdsyqcrxt15n92gr,image,upload,
produits/ggkxze7lucey8k1bfozc,image,upload,
produits/jlfllqq0upuxutm1tivp,image,upload,
produits/nogmq6jty92aw7f54gqt,image,upload,
produits/yyqtdolzjqsfkmglmwej,image,upload,
produits/biuxl9r24q24dskvbg6r,image,upload,
produits/egkvpozo8y7z2bjck46k,image,upload,
produits/j56snxghpxnjorks0agv,image,upload,
produits/vug0klxoi4nznjdyrybu,image,upload,
produits/gifgmfjo3diuaa7m5to7,image,upload,
produits/hewqgjasllpjgyhlyujy,image,upload,
produits/bb7qepmru6uxmuc0tmbz,image,upload,
produits/eam3dge9ypvnwrwp4iop,image,upload,
produits/c9zf1wylzkfu1evvsnwz,image,upload,
produits/rvbu35yyz8h8fyf1nint,image,upload,
produits/e0ynufdgmiv4ep3xy7b2,image,upload,
produits/kgyhnyuxiuavekvwa4yk,image,upload,
produits/unmqbzm09ebw6slbiswo,image,upload,
produits/l2gl77y0fmms0w3mjxen,image,upload,
produits/otlelrx4g1qaabvxjtwm,image,upload,
produits/g5cmndrq5lgex4efx3za,image,upload,
produits/awng5u431sa5q074i5oo,image,upload,
produits/kfp3t8plz6qp2xra5rec,image,upload,
produits/cyzn4rs97d6j1011eggt,image,upload,
produits/olaxztgsqj43dgksgm7g,image,upload,
produits/kpazpetf5aie9lbmbliw,image,upload,
produits/l1cb8gp34h3qlbvgueex,image,upload,
produits/pzlnsildhhvcvesnivhb,image,upload,
produits/sfqqhu8uotwhnd1nyyue,image,upload,
produits/zuntslu8lnhwwarh5j9e,image,upload,
produits/wmt2unnlms0mn56ienfe,image,upload,
produits/rl8yo23yfjhn2vkl3c32,image,upload,
produits/dvnnnjqhvng7it62xb80,image,upload,
produits/ukavfuelphysfkhkmm3c,image,upload,
produits/ivjwxvytlainmgipxhnp,image,upload,
produits/ee1evthfzpdoickowugw,image,upload,
produits/k5cummuvkqsqw9hpxtkd,image,upload,
produits/dppc6bkteysb0lm01m8j,image,upload,
produits/qqr69iohmxwdnjjatz6l,image,upload,
produits/s40qzxi1cxp3ubxhxxss,image,upload,
produits/fjye2exkarbomfk2ev11,image,upload,
produits/fajpllbleps92np5tzif,image,upload,
produits/luqsrgmj6piapvdonyoi,image,upload,
produits/wpptgztfy2ulu2vpykpb,image,upload,
produits/eymrscn6w1gzwar1zxgn,image,upload,
produits/icgkhzhwjkqokpg58i3g,image,upload,
produits/ofbdwxktebjabiicmnxy,image,upload,
produits/su0pckijtqdl6breljo9,image,upload,
produits/niaelt7jsiedenc2vn68,image,upload,
produits/dgaviww8r8qtrzayxiz3,image,upload,
produits/t4q2duz5laokwudarv24,image,upload,
produits/rpcl9tziw1krvsxkrkvb,image,upload,
produits/extzlsvhee7phcv7t3ri,image,upload,
produits/ba76zehbylug5egxglue,image,upload,
produits/y7p3kme8svvyvzvfnlsx,image,upload,
produits/kokbvmxl9uny2btbzdgd,image,upload,
produits/thksf803mcdpwmx5fvoq,image,upload,
produits/yx9ofa4cjyslqpmrzpr9,image,upload,
produits/yluxecpzf7h8wlzfmppr,image,upload,
produits/lvn2gnoo0nctwtdstf9e,image,upload,
produits/i1ckdlymdrral8y0qjqd,image,upload,
produits/sarton1n9sf9oexbrnnl,image,upload,
produits/ejd6oauz4mmncrzkaw9h,image,upload,
produits/fanhkajhskljjxe2ngo1,image,upload,
produits/jibkqvhstqb4ljkupyhk,image,upload,
produits/z6fkdo4co9sv8owhevvr,image,upload,
produits/hphkyfyntqkgwtkslxys,image,upload,
produits/o2d5zznhmtaaxa7a4qxt,image,upload,
produits/yex0sduhmiqrag6margv,image,upload,
produits/dpgkz6bkey03y6kgxlgu,image,upload,
produits/nrr53ksr5kzy5xikijqm,image,upload,
produits/fto0ysd1jh0ncwkpbgi0,image,upload,
produits/aekob6ol3fpxzuiv2fgx,image,upload,
produits/giwx0shhseknpcn8eoxo,image,upload,
produits/hvqp0zyzrfyvp5crrrp1,image,upload,
produits/ke2xlomae628bdctrwki,image,upload,
produits/lscasg5fw64mas8vk29z,image,upload,
produits/fcgkhd77nby2uezidzsa,image,upload,
produits/mbrzah5ey7h2eyri3bwt,image,upload,
produits/mmqmawqmwwnjciquvagd,image,upload,
produits/m9djomdoeez9llebvorr,image,upload,
produits/rtkpfrkoso4876puypx5,image,upload,
produits/samjhvq9li3mwtpcj74r,image,upload,
produits/cv1pjp7npw2rlldvdfaq,image,upload,
produits/tfxupgusds3kjdy8wysb,image,upload,
produits/fje5kzpgeerfdyh12esh,image,upload,
produits/ndivtwvzljhonm0qyu6k,image,upload,
produits/a9qmcnno9giaw8aar8ku,image,upload,
produits/j2oh90bbz0mh34soobaa,image,upload,
produits/qanwlcbclyut0dcjkmrm,image,upload,
produits/tprsh1xrwjco3fylhwiv,image,upload,
produits/m2niiqesvlthqbiracuy,image,upload,
produits/rsqclphpsjcwnd8zuplh,image,upload,
produits/tpb2s5c5whehludb6wgp,image,upload,
produits/ksfsqvivwyquu7a8vyu1,image,upload,
produits/gsmwnacs3irf2ixneafo,image,upload,
produits/cfwincugzyqdjtamqheg,image,upload,
produits/odwvfi729nsmdfqr9ibk,image,upload,
produits/kgfzopqwcwti4gnq8pgb,image,upload,
produits/tvrdhukkkqurala9enpq,image,upload,
produits/e1i7nbpou3l61lgxfu3w,image,upload,
produits/hmvhpuniglkzd7zll6ic,image,upload,
produits/oewjj2qgnixu3ixzsvgp,image,upload,
produits/asbh74vikpxtaxihec0z,image,upload,
produits/is0y0avf2j10ateyrdwr,image,upload,
produits/n06ghfyi7pzxzuflwred,image,upload,
produits/ek8itluduum0kq8gi9wd,image,upload,
produits/xevkyibodaeosvpym6p8,image,upload,
produits/hzeibnqlzycgxfdk8cg5,image,upload,
produits/xnlowlmsdtiwohbsaogz,image,upload,
produits/czf8qjal3dy1ojep8out,image,upload,
produits/gbczvrzyujgcyd7mwnp6,image,upload,
produits/s8lynsowhb6i7ziwokj4,image,upload,
produits/nshfyob0wuv6nonlvy4p,image,upload,
produits/n1rm2qrzx8dxnjjtlh9n,image,upload,
produits/tfxmtneretd5pc04n86e,image,upload,
produits/oatkdbb4eeqxzamux3ke,image,upload,
produits/dafvkxrbtderllv8v9bb,image,upload,
produits/ifcq0wmjmevy2kfg6egu,image,upload,
produits/grwr4bmu3di4pqbsk43b,image,upload,
produits/zzmljp3ab0bfrngyttnq,image,upload,
produits/j0cjql8ul1doi1zrhdg8,image,upload,
produits/ujnmfxmwizxokjt8wbfi,image,upload,
produits/pqduoboeqnp042aowe1e,image,upload,
produits/sj7jemhcuf3sa4fjvpu1,image,upload,
produits/wdzgwr2ymynbl90lrjwq,image,upload,
produits/ubg9rpway0bvhwiw37f6,image,upload,
produits/evrtqyvnrew3xemtist6,image,upload,
produits/bvkgjyewuszj5pguidhf,image,upload,
produits/rp9rbjciyxzlovdiaxn9,image,upload,
produits/p7uqzfmzzevrfzinuay8,image,upload,
produits/exlrafb0dorddebzimvw,image,upload,
produits/ysykh5kdigcwkc4jf3q9,image,upload,
produits/k78ak6qiq6iaufqguof3,image,upload,
produits/sres0onlnhupazwfb9lg,image,upload,
produits/ugioujdsat7fjxitux1f,image,upload,
produits/cky9ufoqyb818blmjbfy,image,upload,
produits/pexbzq9ixhib4idi8dok,image,upload,
produits/flrqlvznr84oh6ifkfsq,image,upload,
produits/kzqx1zf33ebrmyjmv8m5,image,upload,
produits/q9mn66bklr0vfx4oe6me,image,upload,
produits/mqx0fwd7lbo16hgyxwy6,image,upload,
produits/xs7pstpuhflv21mgfehm,image,upload,
produits/brkxjc56tejb9jd7cbmz,image,upload,
produits/hmz6yu3ks27ci1cmlyvh,image,upload,
produits/ftba8aiuigcpin2fac4g,image,upload,
produits/fm3w1luxdicxnnwslioy,image,upload,
produits/v9c3rxvziykptmycposh,image,upload,
produits/we0hydhgdnswzypj1en8,image,upload,
produits/tpqdmfw5l7i9xczmhysb,image,upload,
produits/xsyluzfkwddebl7vweeq,image,upload,
produits/v18bivtp4iu8ful7foqp,image,upload,
produits/dshuxd7vhbvhjhbfndt3,image,upload,
produits/sysjvpyxxvfks1hdfke8,image,upload,
produits/eczgkz8fi2mjsjqdkkpp,image,upload,
produits/er2zhv7gugw3gkauwmur,image,upload,
produits/uhxgljvo1696re8un97x,image,upload,
produits/zcbviqyowk8oopjagsnf,image,upload,
produits/jf2ihhy2xozuqpxuwzwt,image,upload,
produits/w2g6mzclhgheqx2blii7,image,upload,
produits/a7k6pkjmhjx5pauke7tl,image,upload,
produits/oelums7xxas0tegvkiqs,image,upload,
produits/rkbsbnltrweag1cqlkp3,image,upload,
produits/d8pbprtlpnkr1fbge7lb,image,upload,
produits/n8cguaddlw4gcq1mdsbx,image,upload,
produits/ypkgfzhnloyqvguiuy9g,image,upload,
produits/ievpfwjk5e3xr6pe0vio,image,upload,
produits/atajwuupkmmppgasf2cz,image,upload,
produits/cckbxqhoocsrryrd9bv2,image,upload,
produits/hpbdywlwxuuklw8ch5g6,image,upload,
produits/mdua9cuwy41azwckrk3q,image,upload,
produits/ec1qgirvrrngxzayvqps,image,upload,
produits/v4upeu1wsfzccdkjspav,image,upload,
produits/xxnko5ylblccudks08hz,image,upload,
produits/sawbzng19vrjoklxnjfc,image,upload,
produits/ovi18i6nnv8jxbrcv4qw,image,upload,
produits/wdyftomuykw5idioqxty,image,upload,
produits/zj7zvijwdjo43xwj1ruu,image,upload,
produits/upwsw1wouiy1skgrw0cy,image,upload,
produits/cf6bf6xw0v8yyqqbrzgv,image,upload,
produits/o60g2oj3cmievvxr5lek,image,upload,
produits/abbgfhxlq4d5v0orsp6w,image,upload,
produits/cecgmyjdof5v1jl4chzj,image,upload,
produits/z8frchfzvhc1mjn8qp1d,image,upload,
produits/oym7vnqehmpvl5axx4ys,image,upload,
produits/wjo5h0eo1ygyxw5w8ixp,image,upload,
produits/jbdmfa29lubifadtagfc,image,upload,
produits/b9qbw1xzhvvvkqpoilvu,image,upload,
produits/mdthnyzs6f4vyfacc8ot,image,upload,
produits/yg9ufq0mrcs5znoc0pmx,image,upload,
produits/kcs2rripxdun1t3rj74p,image,upload,
produits/j3sefmblhgs7ssnvbpjd,image,upload,
produits/j9cdbjop8lalqeygmsfd,image,upload,
produits/ayvmoxlxuji6erkxlfva,image,upload,
produits/hr7g2apdsigostahkf3s,image,upload,
produits/krod4eddjfbu5l50ojdh,image,upload,
produits/st39yz304zjt0unmahig,image,upload,
produits/n7eby2alyw0cjhx8vqfo,image,upload,
produits/byzgdnhmgxt4hakidufk,image,upload,
produits/wreml2fxp3re0auot3pv,image,upload,
produits/ajrgutmxys3ew5mlytiy,image,upload,
produits/xf7dvmvimvrom2x3otth,image,upload,
produits/yffrbv4frj6c5zthfz89,image,upload,
produits/yhzhdpu5yzjxsqwnrcdo,image,upload,
produits/e9xbgmzuagbxdl8gnijk,image,upload,
produits/nizuyltolltmnspi2rpe,image,upload,
produits/busplgpigwff80giehnv,image,upload,
produits/bhhl4j8sjprgomjecquz,image,upload,
produits/z8yc6rwzwlw1mdf4amtu,image,upload,
produits/hhqd7wbpoj5zg4wzva8c,image,upload,
produits/f6wue72uekgxu10iu2kg,image,upload,
produits/ef9ndubhmzmevz96qt0s,image,upload,
produits/cigvnkhmyrux1o87yvlx,image,upload,
produits/bmevlkz2v6o3kbfgw2fb,image,upload,
produits/zxds8io2txjk1bgyhaad,image,upload,
produits/ptqvr4zfozx3ic70iuw2,image,upload,
produits/zodktiyastu8eerqu25e,image,upload,
produits/oeqxwemprnwwiutgf5pn,image,upload,
produits/lak15rdtaatcbjxrzesq,image,upload,
produits/knzbdno4ppymagicsw8h,image,upload,
produits/p2pfspipm3tptffghp2c,image,upload,
produits/nrgpts56qmwi1ff7rftx,image,upload,
produits/drffbny2dgjqnxckq2mb,image,upload,
produits/pcojmbobbsnxyidf9qvu,image,upload,
produits/aforf3604ld7huoi9hit,image,upload,
produits/zmfxe5mvijxoytf7x9m8,image,upload,
produits/zsbwatjswphgwvyhmxcx,image,upload,
produits/zjjubvqiefjddo1j9s3s,image,upload,
produits/fwggha4ub9f3hr8c5jdb,image,upload,
produits/qtsk5hmx7tmvntfvafam,image,upload,
produits/jciheppyshcsz0f6hc6u,image,upload,
produits/s5sx6uhtzjxreagnm8mx,image,upload,
produits/ahvi0nddjxifuoilghrb,image,upload,
produits/o5jvco8dy9anp9his16a,image,upload,
produits/k99govq8cr8orev9yzje,image,upload,
produits/gbnhoag6fcyd5ira2eyh,image,upload,
produits/ck2lqj1en3k2hgaz1klk,image,upload,
produits/sekmfuicxiadhxhecuiz,image,upload,
produits/fpxegqizvcojvie3dkpj,image,upload,
produits/xtvn0qbb7psdh2hzilfn,image,upload,
produits/sqym00oshayyfmfsrhay,image,upload,
produits/bntykzhbbvxpaolmrier,image,upload,
produits/w2fmzimu0fhyzemf96ko,image,upload,
produits/wmwjq3ilp6iqta8qukvl,image,upload,
produits/l2biqenvozeg9vc3frut,image,upload,
produits/ugsxm5pujqw3v5uqu4ac,image,upload,
produits/lltnz0nzsouznkgbq5ld,image,upload,
produits/jttcrfczz9byu3hmrfnv,image,upload,
produits/p5wjwcw8bv9sr0dnndsa,image,upload,
produits/is9k35cztsxcjxokikms,image,upload,
produits/wbj59wdsle4ny0b1n5lb,image,upload,
produits/un6nxktv9zxxfpjgz3zw,image,upload,
produits/uoksfbeutepxwvfajubz,image,upload,
produits/jlxf6ingsba4l0cbvhek,image,upload,
produits/sf7ndfjfzls9b32jbsco,image,upload,
produits/iexmzscgf583qq9als7c,image,upload,
produits/irsp4yh74iqxs1lveec5,image,upload,
produits/froxc8uutbvtvee0dfhe,image,upload,
produits/hdwnzmnwatdzsp9vrrte,image,upload,
produits/npesmcm7x19ohxewyck5,image,upload,
produits/yt659df2ks7zj0yk52zf,image,upload,
produits/osog20cjhqkivip79w9d,image,upload,
produits/jravqmxsmlmv4m0k1nrl,image,upload,
produits/lgoz2ga2giy6098tejxa,image,upload,
produits/zoixr1zh7sn42cjiiork,image,upload,
produits/fm46qdnfoihhdxqe90tl,image,upload,
produits/nqvl4jmpyw0uuiio6jfi,image,upload,
produits/pugedihwtljnwdzkyjqd,image,upload,
produits/htjvonm2jqnsr53fmibp,image,upload,
produits/ufhfhmxvlbzisuokc3cl,image,upload,
produits/xkaudf3uqrufip28otkc,image,upload,
produits/uhonogdl0tee6alk5utn,image,upload,
produits/rcfw677zwfkesnjehgs4,image,upload,
produits/qfx2e62zkcj7kb9yzdbs,image,upload,
produits/h9mwmcdwr98xul6ta25b,image,upload,
produits/rrxywktmuvusehr4my96,image,upload,
produits/zjhgxxbv8lkdhrwzimyd,image,upload,
produits/uecuqze48n5zm7r1dr1g,image,upload,
produits/mxpm6oyxciyul3xjd2hh,image,upload,
produits/mopuj0gzejaodn86qdt8,image,upload,
produits/xlc6etdq0ewvaew37f0w,image,upload,
produits/f8m72isygfq10movqlu0,image,upload,
produits/zavhqamyu8xg1xorimc5,image,upload,
produits/odqy7cbwqsu0tve9infm,image,upload,
produits/gwvy4oakqqpwr1q6zgm8,image,upload,
produits/c2bzwotuhhn4tfyfdjsl,image,upload,
produits/g7cjpaxpexnqluafess8,image,upload,
produits/m6nzjy6w3qcykw0xyl6d,image,upload,
produits/q6azxwk6q8dructhjbe9,image,upload,
produits/wktqhml7udlwbdybxlpe,image,upload,
produits/woqzw6ndwj66q1nhprdm,image,upload,
produits/eezbbytvtyszhzz77zk5,image,upload,
produits/nbxbntxmb3goc9asopxe,image,upload,
produits/bvgrx1n6gzmrdmqquohq,image,upload,
produits/vvzasdi6hqesp8lgfv7r,image,upload,
produits/ybyam14hwcbcmldxvzfz,image,upload,
produits/ykvhof6flebkdxr4r7kw,image,upload,
produits/ydjnmotwoscda052lbzn,image,upload,
produits/ruholfajrn0pgddizvzm,image,upload,
produits/nnajokcvlw9jlcjxkran,image,upload,
produits/kp1qjogqa9i2c6e7npb8,image,upload,
produits/ahhgdfwi26chakq7xwdk,image,upload,
produits/iqp5wxhumvszmxtwie0u,image,upload,
produits/fi2qdrha0sag0kcbmlia,image,upload,
produits/dvlyqs9efo7xjqxja0qo,image,upload,
produits/xkqazxxyxiseqbmwbdrv,image,upload,
produits/nej7fvvylvj4wqge5ojm,image,upload,
produits/zcgykmusgj1wx69ykbkc,image,upload,
produits/t4frqrkoyaplmzro4bnz,image,upload,
produits/frm5juadiptg6wia16em,image,upload,
produits/o8wgxnjiowieezdpuxgg,image,upload,
produits/sqzep89fximzk96yvjz6,image,upload,
produits/ta22qcpjyupmgqsm4wwz,image,upload,
produits/xue7q1itlfun1pbozcyk,image,upload,
produits/tjfn7wnagsy4iyfktffc,image,upload,
produits/m3f7dhu1ruggrjol6yul,image,upload,
produits/eejlgnpukvnhbsepeqns,image,upload,
produits/do2wyvv2oq013us2fve4,image,upload,
produits/hbqe4tsdfxikqaficlvc,image,upload,
produits/bzunjh07dse3pwukrwo9,image,upload,
produits/pbuqwoe4nc26n3id8iz7,image,upload,
produits/xzeieclj1ozmqrwcu9lf,image,upload,
produits/p4xmvh1blzppkhu5dr0x,image,upload,
produits/lcwoirg5nz66cgf5wgip,image,upload,
produits/k3vmetkcs092pq2dbgnn,image,upload,
produits/ju10ekhnilgdrdtiw3xp,image,upload,
produits/td6x6acmnwsn0qz4qslf,image,upload,
produits/gdk2qhgtpdc7j3axzruu,image,upload,
produits/sq5zi5bjmbtghuf1nysl,image,upload,
produits/jizecuvvmrvvf2yxleou,image,upload,
produits/rwtbtchlh8u1bxxy7c01,image,upload,
produits/ir8azbngzcc6mmboimrb,image,upload,
produits/vgbhld20bnkltqrjqrq9,image,upload,
produits/depnmav4ehwzer6ddm44,image,upload,
produits/rlpz78tobtd7wzc7i30s,image,upload,
produits/blwnqyufq55oacfbodgi,image,upload,
produits/fjkpuzlgebpzsn99ei8q,image,upload,
produits/cxiurohkpkl3t6o5sbuv,image,upload,
produits/fvnv4jtkmzrsft9ofljl,image,upload,
produits/qhc9k66ue6c8nxxbshgh,image,upload,
produits/pf2hol27nyvia5ks1oal,image,upload,
produits/ihfmpzjwp0miydelbk0n,image,upload,
produits/xyccrsx2yv263irxqaxz,image,upload,
produits/v0gab9phftgjlgosrbwb,image,upload,
produits/owfr18kql3x2t9s0bdee,image,upload,
produits/to50ealqf56e45i89nvp,image,upload,
produits/grpnkavmzo8w39gq8sdo,image,upload,
produits/kw8jurffu1suvj0dpfss,image,upload,
produits/z7tfutebqtnucfvoeier,image,upload,
produits/avpj3buazjbf6mrcjbjp,image,upload,
produits/oxv0qegsp6mctu657jct,image,upload,
produits/iyggtlipww6uuc2wdd6l,image,upload,
produits/bhcc8tj4xvgpabueuj5t,image,upload,
produits/qtylbrkmpfqnbpwqriew,image,upload,
produits/gkbouc53w6gtc83tsf89,image,upload,
produits/vazyrcglmeiimphkvti2,image,upload,
produits/m0fz2putdl4jmvurq6yl,image,upload,
produits/uydhwmvyyb0sm0zw2mqm,image,upload,
produits/k0iqx6nv7gukhab8fdoh,image,upload,
produits/guuwzgftawxxkfnu05ss,image,upload,
produits/dedls3aihijeumlifeor,image,upload,
produits/ingzkpyct2wnijlqcslc,image,upload,
produits/qrozvdeoeki4ji3v1teb,image,upload,
produits/rnow2p1jgzsxkhdrlx9s,image,upload,
produits/oezu2tbl8z2kbjti2eog,image,upload,
produits/c7gh5eybp1vp7qfnqeca,image,upload,
produits/yfuvx2rshgbwjoq9uixq,image,upload,
produits/ghx6bbfpt7bkmu5x3oke,image,upload,
produits/m5hniewf5nheu1suhmom,image,upload,
produits/qtvikdxmka6hdwawojtk,image,upload,
produits/ecv6qzma6tn816hjagqy,image,upload,
produits/brkhhj5hgwej4uxdlatt,image,upload,
produits/ewrk4tzqby2kiqwjpnwm,image,upload,
produits/qzzia2d63dgka2voa6mx,image,upload,
produits/dghbghzd1j34dym9jmd6,image,upload,
produits/djng6suj9apy8s7hdvhp,image,upload,
produits/snoht9vto9q1umlwmpzz,image,upload,
produits/baok8mqzhghm9ozebhfx,image,upload,
produits/rg2z9axqwk9wilj0dj69,image,upload,
produits/w7ttu6wejvovojzbyank,image,upload,
produits/omfihj2ntwevtg2rxxqf,image,upload,
produits/fexvsl4qzbszbye5mgmo,image,upload,
produits/vbeql6tg0e8cnevtcthi,image,upload,
produits/krdb9zqumwokexhakhsi,image,upload,
produits/kuw58fuakwpj2gzbhimq,image,upload,
produits/evvhkoa5rmbtlxnyxegp,image,upload,
produits/b9ypmewzqknsrfowjq5o,image,upload,
produits/zjwncuyr3cprer02jc8b,image,upload,
produits/jipvoy7kv3g2rxqmdhnd,image,upload,
produits/u6oibmeduiflw4ucg1xk,image,upload,